USAGE UNITS,RATE,CHARGE
,,$\$ 34.70$
1944 kWh,$\$ 0.004610$,$\$ 8.96$
1340.69 kWh,$\$ 0.027080$,$\$ 36.31$
603.31 kWh,$\$ 0.026910$,$\$ 16.24$
1944 kWh,$\$ 0.004200$,$\$ 8.16$
8 kW,$\$ 5.630000$,$\$ 45.04$
8 kW,$\$ 9.820000$,$\$ 78.56$
8 kW,$\$ 0.110000$,$\$ 0.88$
8 kW,$\$ 0.620000$,$\$ 4.96$
8 kW,$\$ 1.210000$,$\$ 9.68$
8 kW,$-\$ 0.030000$,- $\$ 0.24$ CR
,,$\$ 5.05$
,,$\$ 9.64$
,,$\$ 257.94$
3.00\%,,$\$ 7.74$
,,$\$ 22.08$
,,$\$ 287.76$
