USAGE UNITS,RATE,CHARGE
6482 kWh,$\$ 0.004610$,$\$ 29.88$
4470.34 kWh,$\$ 0.027080$,$\$ 121.06$
2011.66 kWh,$\$ 0.026910$,$\$ 54.13$
6482 kWh,$\$ 0.004200$,$\$ 27.22$
14 kW,$\$ 5.630000$,$\$ 78.82$
14 kW,$\$ 9.820000$,$\$ 137.48$
14 kW,$\$ 0.110000$,$\$ 1.54$
14 kW,$\$ 0.620000$,$\$ 8.68$
14 kW,$\$ 1.210000$,$\$ 16.94$
14 kW,$-\$ 0.030000$,- $\$ 0.42$ CR
,,$\$ 10.51$
,,$\$ 16.18$
,,$\$ 536.72$
3.00\%,,$\$ 16.10$
,,$\$ 45.95$
,,$\$ 598.77$
