Description,Amount
"33,491 kWh $\times 0.07616$","$\$ 2,550.67$"
33491 kWh $\times 0.00502$,$\$ 0.73$
33491 kWh $\times 0.00195$,$\$ 05.31$
33491 kWh $\times 0.00691$,$\$ 231.42$
33491 kWh $\times 0.0088$,$\$ 294.72$
5,$\$ 6.55$
33491 kWh $\times 0.00123$,$\$ 4.97$
81.17 kW $\times 11.72$,$\$ 41.19$
81.17 kW $\times 11.72$,$\$ 951.31$
,$\$ 270.18$
