Service Period,No of days,Current Residing,Previous Reading,Measured COP,,,
20,45398,Actual,41643,Actual,3755,1.03201,3875
04565737,04565737,0.00677,0.00677,0.00675,0.00675,0.00675,0.00675
04565737,04565737,0.00677,0.00677,0.00675,0.00675,0.00675,0.00675
