USAGE UNITS,RATE,CHARGE
,,\$34.58
3640 kWh,$\$ 0.004610$,$\$ 16.78$
2761.38 kWh,$\$ 0.027080$,$\$ 74.78$
878.62 kWh,$\$ 0.026910$,$\$ 23.64$
3640 kWh,$\$ 0.004200$,$\$ 15.29$
8 kW,$\$ 5.630000$,$\$ 45.04$
8 kW,$\$ 9.820000$,$\$ 78.56$
8 kW,$\$ 0.110000$,$\$ 0.88$
8 kW,$\$ 0.620000$,$\$ 4.96$
8 kW,$\$ 1.210000$,$\$ 9.68$
8 kW,- $\$ 0.030000$,- $\$ 0.24$ CR
,,$\$ 6.29$
,,$\$ 10.08$
3.00\%,,$\$ 320.32$
,,$\$ 9.61$
,,$\$ 26.39$
,,$\$ 356.32$
